{
  "Version": "2012-10-17",
  "Statement": [
      {
          "Action": [
              "autoscaling:DescribeAutoScalingGroups",
              "autoscaling:DescribeAutoScalingInstances",
              "autoscaling:DescribeLaunchConfigurations",
              "autoscaling:DescribeTags",
              "autoscaling:SetDesiredCapacity",
              "autoscaling:TerminateInstanceInAutoScalingGroup",
              "ec2:DescribeLaunchTemplateVersions"
          ],
          "Resource": "*",
          "Effect": "Allow"
      }
  ]
}
